0x28a78,
0x21e7b,
0x2d9d5,
0x9067d,
0xc393d,
0xa0070,
0x2a0e4,
0x1e2148,
0x1a933,
0xc7fcf,
0xb4655,
0x1dbd39,
0x2b2e6,
0xabdea,
0x1e214c,
0x5fbd0,
0x2ebf0,
0xa56f7,
0x2a16c,
0x2d98a,
0xc8173,
0xa5423,
0x1c1462,
0x29bf4,
0x29e34,
0xa56f0,
0x1e21af,
0xdd139,
0x25c57,
0xf1bdd,
0xd174e,
0x2daa1,
0x28b82,
0x1c4b98,
0x86138,
0x1c5b3c,
0xd4226,
0xa982c,
0x29d14,
0x1b96b7,
0x28b69,
0x1c1d8b,
0xaad60,
0x2be42,
0x2bfec,
0x1dfd1b,
0x1e2206,
0xdf149,
0xd34d1,
0x2d70d,
0x1d3ea1,
0xbd376,
0x1c1f4d,
0xa8465,
0xa9154,
0x2cf00,
0xd5a05,
0x1b932a,
0x5ca0a,
0x2b183,
0x1e2168,
0x3ddba,
0x2207d,
0x29c84,
0xa9b3d,
0xa0708,
0x3d171,
0x276a5,
0x1c61fa,
0x9029f,
0xe650b,
0xa9b9c,
0x28a6e,
0xab92f,
0x3db6e,
0x1c06c0,
0x27bb0,
0xd3f22,
0x1c06c5,
0x882ab,
0x2d86d,
0x2733b,
0x3da62,
0xd6301,
0x5fc0a,
0x88541,
0xa9f10,
0xe50cc,
0xabcea,
0xa0612,
0xc4cd8,
0x38271,
0x39a3c,
0x28a82,
0xc87d0,
0xa8f5b,
0x2eb5d,
0x109aa0,
0x903b3,
0x2d04b,
0x11373,
0x1bd9fd,
0xa913a,
0x1b939c,
0x2ba01,
0xcff8a,
0xd0efe,
0x60918,
0x1128e,
0x1c1f60,
0x2d8d4,
0x882b1,
0x902c3,
0xd3fcb,
0x1bdd07,
0x24025,
0xd1094,
0x99189,
0x1aac5,
0x28b9d,
0xe65b2,
0x31ec5,
0x5e3e4,
0x996a8,
0x2b1d0,
0xf1b54,
0xc8f5a,
0x1bce3c,
0x2808a,
0xcee88,
0x374f0,
0x2eb64,
0x2c7a7,
0x39c78,
0x2d878,
0xc60bf,
0x2bf50,
0xce8f4,
0x1c1d88,
0x2aedf,
0x38bb6,
0x27e54,
0x2b3f7,
0x90474,
0xcf38e,
0x1c1f58,
0x3d1f0,
0x1e2261,
0xabce3,
0xa9149,
0xaaa88,
0xaaaea,
0x1e2252,
0x1e21fa,
0x2c535,
0xd0f7c,
0x1bec9b,
0x3d459,
0x3aac2,
0x2d8b7,
0x1becb9,
0x2da0a,
0x2e36a,
0x902ab,
0x1b79c8,
0xd2d48,
0x9f5f0,
0x1bcefd,
0x2ce04,
0xdf016,
0xd3bc3,
0x1d6f6d,
0x1d6f79,
0x5c9b1,
0xf6a8f,
0x9f6fe,
0xa9b49,
0x1be1a8,
0xf1bec,
0xd64c5,
0x29c74,
0x3daba,
0x2b2a2,
0x2961d,
0x2c5c3,
0xfede0,
0xe6086,
0x1bddab,
0xf6497,
0x3d37a,
0x29c44,
0x908f2,
0x37679,
0x10bc8a,
0x1c40c7,
0xc7c13,
0x29e44,
0x2c709,
0xaa1b4,
0xf412,
0x9f834,
0xa5886,
0x1dbd71,
0x8886d,
0x21e9e,
0x2914e,
0x1c1e6b,
0x2cdb0,
0xa0768,
0x29d24,
0xd174b,
0xd2c74,
0x3d2c7,
0x2ba30,
0x87978,
0x8a19f,
0x22dda,
0x2af7f,
0x8736f,
0x11338,
0x8a130,
0xf52d1,
0x902f6,
0x2eb57,
0x5e3ed,
0xceade,
0x29c34,
0x1dbd1d,
0x2d896,
0xcfe2a,
0x398e9,
0xfe9ba,
0x28043,
0x888b5,
0x1e226a,
0x236fb,
0xe19b3,
0x1dfc72,
0x25bb1,
0x8ff77,
0x29ec4,
0x3d21a,
0x1c485f,
0x2e498,
0x885f6,
0x21eae,
0x89015,
0x884db,
0xa99b2,
0x2c793,
0x11365,
0xcefe8,
0xc7c26,
0x1dfc88,
0x1dfce3,
0xa526a,
0x1017e9,
0x88b60,
0xbe539,
0x5c9e7,
0xa8941,
0x2ec93,
0x2af46,
0x1c08c7,
0xbe53e,
0x2804f,
0xd403a,
0x90491,
0x9f783,
0x5e291,
0xa98fd,
0x24005,
0x23720,
0xd42c9,
0x1c07cf,
0xa5b59,
0x87041,
0x3d78d,
0xcea80,
0x1bd0c7,
0xbf5fe,
0x386a8,
0x36e0a,
0xd0f08,
0xaa82b,
0x1c2c37,
0xa9b0e,
0x29440,
0x1c07cb,
0xced69,
0xd64aa,
0x29dd4,
0x375ae,
0x39a75,
0xc5ef0,
0x1bd07b,
0xdf14e,
0x2e360,
0xd4997,
0x3d5c0,
0xa5ebf,
0xd0589,
0xa8f87,
0xcf8cb,
0x1136e,
0x27ab0,
0x1b940e,
0xcfefd,
0x1c40c1,
0xd2b35,
0x28ca4,
0x88389,
0x3992d,
0xd4a4a,
0xc8688,
0xa5266,
0xd5b96,
0xcfe65,
0xcf863,
0x39a60,
0xfe30e,
0x2af35,
0x1e2195,
0xa936e,
0x26b29,
0xcefc8,
0xf4be8,
0x2bbca,
0xc7c38,
0x1e219b,
0xd2d6d,
0xc4ca5,
0xce8cd,
0xc9c8c,
0x879be,
0xf5562,
0x1c1e7a,
0xffeeb,
0x3dbcb,
0xfe19a,
0x88852,
0x1c1e6f,
0x3dab7,
0xe611f,
0x2d933,
0x1c02f0,
0x3db91,
0x37fc7,
0x29e04,
0x38dc7,
0xdd113,
0x1c1f50,
0x2c4c4,
0x1dfc8e,
0xa7626,
0x3daed,
0xb18d,
0x6e8cf,
0x905e4,
0x1be17a,
0x888ce,
0x28132,
0x2b256,
0x1becb2,
0x28123,
0x1dfc9e,
0x2d8db,
0x2cf30,
0x36f68,
0x1c1ebe,
0x1aab0,
0x3d7d8,
0x1dfca2,
0xe5551,
0x1c1eca,
0xa761c,
0x375a0,
0x2d88a,
0xa7f54,
0x281a8,
0xaaaf9,
0x1c2b9e,
0xa792d,
0x8903e,
0x5fc05,
0x25e14,
0x3da8a,
0xfe398,
0xd05a9,
0xd2bb0,
0x2c778,
0xa983e,
0xd3f30,
0x27abf,
0x9f887,
0x3d21d,
0x3dbf0,
0xcfee4,
0x25c83,
0x1c3f07,
0x2b20a,
0x38df5,
0x1bddb6,
0x2cdfd,
0x37e17,
0x1c2b98,
0xa880a,
0xa984d,
0x882cf,
0xe54fd,
0xc7c46,
0x1dfd2d,
0x88636,
0xa8fa1,
0xd7170,
0x3d2a5,
0x9086e,
0xc8de7,
0x884e9,
0xabdf1,
0x3d178,
0x21e71,
0x2afeb,
0x2be2b,
0x9f869,
0x2b41f,
0x8704d,
0x3dedc,
0xc7d0c,
0xa542a,
0x28a2f,
0x29169,
0x2d586,
0xf3aa,
0x1bddbc,
0x116db,
0x1bdd11,
0xd47f0,
0x232b7,
0xc7ea6,
0x2b306,
0x27660,
0x88599,
0x280e7,
0x22e4a,
0x1c2c09,
0x1e21aa,
0x97293,
0xbd229,
0x1c46d6,
0xaa9ef,
0x28a45,
0x28df7,
0x9f8d2,
0xd2d62,
0x2aebe,
0xa7f5b,
0x29a9f,
0x28085,
0x2aef1,
0x1d6fcf,
0x1c4668,
0x2afd0,
0x5fc00,
0xd6322,
0x2d7e0,
0xfb8d2,
0x2c504,
0x29e74,
0xa7f12,
0xd2ba1,
0x1c5b38,
0xa9a73,
0x27534,
0xb4ec9,
0x90a2a,
0xdf0a3,
0xd4235,
0x25d05,
0x3d2f9,
0xbd224,
0x1d6f72,
0x2d428,
0xd124f,
0x3d384,
0xced79,
0xf42f6,
0xd4e32,
0x1b7349,
0x27540,
0xd1827,
0x2c6ef,
0x1dfd0f,
0xa55f0,
0xd2ab3,
0xe5524,
0x29ed4,
0x29e14,
0x1dbd36,
0x2bfda,
0x1c46c8,
0xaa141,
0x2c266,
0x1b9622,
0x1be1a1,
0x2b17c,
0x5c9a7,
0x1c1ecd,
0x89f0a,
0x2bffe,
0x88fde,
0x1e2247,
0x2cf76,
0x22ff0,
0x3d45c,
0x27b50,
0xa5746,
0x8ff85,
0xaa043,
0x89f48,
0x2d920,
0x1aa5a,
0x9918e,
0x1c2ba5,
0xd3a80,
0xd64ae,
0x9f921,
0x1a7dd,
0x1bda4f,
0x908fe,
0x1d6f80,
0xbd78b,
0x2d37a,
0x1dfd29,
0x2c850,
0x8a179,
0xc3797,
0x2766b,
0x908ae,
0x2cf21,
0x879a2,
0x1c5b30,
0x5e288,
0x1dbd52,
0x1b9520,
0xcf897,
0x2bd52,
0xe60a3,
0x23a48,
0x5fc0f,
0x1bcef7,
0x2dc1c,
0x2dc8d,
0x5e3c5,
0xa9b25,
0x1dfc6d,
0x1c1457,
0x1c3db1,
0xc80d3,
0x3aa8f,
0x1b77da,
0x2d804,
0x2cf14,
0xc80b3,
0xd18aa,
0xc4c99,
0xaaa95,
0xd5857,
0xd2996,
0x25dfb,
0x5fc84,
0xa841e,
0xdd04e,
0x2d026,
0x11341,
0x1bdd1c,
0x2be24,
0x1dfce8,
0xd329b,
0xcf39e,
0xd5b2c,
0xd08c5,
0x28b2e,
0x3d422,
0x875a4,
0x2d7fd,
0x1ab04,
0x2808e,
0xc88ad,
0x1bd0a7,
0x89f1f,
0xd10dd,
0x96d42,
0x1bd07f,
0xcea5f,
0x1bd0d4,
0xc7c1f,
0x2805e,
0xa89d0,
0x1c08c3,
0x21ee9,
0xa75f7,
0x6e70f,
0x29c94,
0xaa185,
0x1d6f87,
0x28de3,
0xa5c18,
0x2bb24,
0x2ae29,
0x2319d,
0x1d6fc2,
0x90676,
0x1bda49,
0x5e0ad,
0x254ca,
0xa003c,
0x1bec8b,
0xe5557,
0x2dc86,
0x37fd9,
0xf17f,
0x1dfcd3,
0xce8f7,
0x89f18,
0x38dee,
0xa572e,
0xe54e8,
0x2c691,
0x29d84,
0x1bec08,
0x2c564,
0x2af3f,
0x87c7c,
0x29617,
0x8a16c,
0xcff5b,
0x1dfd25,
0x3de4e,
0xaacd5,
0x3dba7,
0xc80a8,
0xce95e,
0x2dc3a,
0x1e218f,
0x38dbd,
0x2af65,
0x1dfced,
0x28a8a,
0xa7e1b,
0x8904c,
0x2e6f4,
0x87c68,
0x2c056,
0xd05bf,
0x8a013,
0x8ffc0,
0x24053,
0x27548,
0x9f5d0,
0x1c0721,
0x884f0,
0x27e71,
0x1c40bb,
0x22fcc,
0xa935a,
0x2be0e,
0x8762b,
0x3d62a,
0xd381c,
0x3df27,
0xe54f6,
0xa92f5,
0x2c6b3,
0x39a64,
0x27bb4,
0x8934e,
0xe6501,
0xe609c,
0x31eb0,
0x1c467e,
0x87994,
0x1c1f63,
0x1c13bb,
0xaab48,
0xa9b39,
0x8a2a0,
0xa92ba,
0xf45e,
0xd2af3,
0xd2b73,
0x3db8b,
0xd2a69,
0x10a75b,
0xd7106,
0xd2af6,
0x27591,
0x1c4b91,
0x11434,
0xd342c,
0xe6093,
0xa9915,
0xceae4,
0x991ce,
0x2bf5d,
0x1d4961,
0xa9b35,
0x1dfc5c,
0x24059,
0x1bdaf8,
0x1dfcdb,
0xa5729,
0xfe31f,
0x2d53a,
0xa007e,
0x2d630,
0x1dfc94,
0x1c13c6,
0x1e2217,
0xcfe6c,
0x253cc,
0x1c145c,
0x29c54,
0x28057,
0x8848b,
0xce9fa,
0xabb63,
0xa9b19,
0x25401,
0xe690e,
0xd3dcf,
0x2bd3b,
0x88b84,
0xd62f8,
0x1bdd17,
0x3d8be,
0x37daf,
0xd02e0,
0xa7efc,
0xd6304,
0x28a51,
0xc9df1,
0x2d3d6,
0x37fa7,
0x27bd4,
0x879cc,
0x268e6,
0x8a31d,
0xce9e7,
0xd13bc,
0xe553b,
0x39a6d,
0x9033a,
0x1d6fca,
0x29bd4,
0x8a329,
0x8a555,
0xe6541,
0xa9b31,
0xd1723,
0x27314,
0x2e35d,
0x3d53f,
0x25893,
0x27676,
0x985e6,
0x2b310,
0x29ea4,
0xc7c2d,
0x88ac0,
0x25ce5,
0x116f1,
0x2bf76,
0xe4fdb,
0x908c3,
0x2c80f,
0x2cde9,
0x28e09,
0x9f8fd,
0x1c1468,
0x22fe4,
0xe6523,
0x28a3a,
0x90908,
0x2b00d,
0xb3aa3,
0xa9833,
0x1dfc58,
0x2da60,
0x1bd0ce,
0x29ba0,
0xa82ff,
0x3dbd4,
0x2bbbd,
0x5c960,
0xf3b3,
0xe60b1,
0x38cfb,
0xa9b15,
0x1e2266,
0x2af9c,
0x3dd7b,
0x1c0760,
0x87c57,
0x1c1d93,
0x38651,
0x1b959f,
0xd636d,
0x1c40cd,
0xc4cb0,
0x3d418,
0x6e71e,
0xd4585,
0xc09ad,
0xa9814,
0x1c4b8d,
0x3d520,
0xce9ed,
0x8a311,
0xbe4e0,
0xd3da6,
0x1c4842,
0x879ed,
0x8850c,
0x2ebe4,
0x6e704,
0x2afbd,
0xd584c,
0xd4868,
0xd657c,
0x5fbc3,
0x2c700,
0xf9148,
0x3dbbe,
0x2aefc,
0x28ab1,
0xa7f8a,
0x1d3eb8,
0xc881e,
0x5e0b6,
0x258b6,
0xb4e68,
0x1bd086,
0x1b96c2,
0x3aaa2,
0xd7130,
0xab9ed,
0x1c1eb3,
0x3d63e,
0x8a035,
0x391f8,
0x90627,
0x1c468f,
0x2afb6,
0x1c1253,
0xde7c2,
0xd6360,
0x1dbd6e,
0x10bca5,
0xabe00,
0x39a5b,
0xc7ccc,
0x1bdda1,
0xa997b,
0xd2ee4,
0xa9b21,
0xc61a6,
0xa9811,
0x1c2c05,
0x27be0,
0x3aab2,
0x2c6c4,
0x27e48,
0x1c5dee,
0x2b1c9,
0x2ae93,
0x2dc2a,
0x87c72,
0x2be83,
0x96c8e,
0x3d4e3,
0xe6b07,
0xc7c08,
0x2b43e,
0xc4c94,
0x1c1f6b,
0x2bfb6,
0xd3da1,
0x2dc41,
0x1c2c15,
0x2bfc0,
0xa5b6a,
0x884b0,
0xbd78f,
0x1c1247,
0x29c14,
0x2cf7d,
0x1bce96,
0x1be1b8,
0x2cddc,
0x2d11a,
0x1beca2,
0x88fe5,
0xa75fd,
0x2cf37,
0x1becca,
0x5cbf2,
0xd2bfe,
0xaa530,
0x2d58d,
0xa9353,
0x2bea3,
0xcfb88,
0xb494c,
0x9f8a7,
0x21e90,
0xc3e81,
0x29514,
0xc3561,
0x39a58,
0xa863a,
0x10bc82,
0x2bb3b,
0x1bd0a0,
0xabcd7,
0x1e21fd,
0xa8680,
0x2e706,
0xe6993,
0x8ffb0,
0x3dde1,
0xc887a,
0xaaa13,
0x2e37c,
0x38dce,
0x5dfa5,
0x2dc11,
0x1bddb1,
0x9965b,
0x29de4,
0x60933,
0x28b89,
0xcfc11,
0x89fdf,
0x2c55d,
0xd6488,
0x2d3e7,
0x2ba43,
0x90291,
0xd379e,
0xd2daa,
0xaba00,
0xbd1ea,
0x2b2ff,
0x3d480,
0x1c5b34,
0x9030c,
0x293a7,
0xb3b6d,
0x29e54,
0xaa16f,
0xcfb1e,
0x888be,
0x876d5,
0x908a4,
0x1c1e7e,
0x88019,
0x1e216d,
0x884e2,
0xa9b4d,
0x1c1ebb,
0x2d85f,
0x2c6de,
0x5cbf7,
0xf8477,
0x2370b,
0xdf1a3,
0xcf8a3,
0x1b9486,
0x2be95,
0x9f710,
0x1c02f4,
0xc8030,
0x2ebea,
0x22d9c,
0x39fe0,
0xabb38,
0x1c124a,
0x2d8be,
0x8891c,
0xc6181,
0xd084b,
0x1ab0c,
0x902b5,
0x3d163,
0xd07c1,
0x28c7f,
0xceaf3,
0x3d2dc,
0x372bb,
0x1c13c0,
0xd2935,
0x22fff,
0xa9f7e,
0x1e2241,
0xab9a5,
0x888d5,
0x1000d6,
0x904a6,
0x1a913,
0xab942,
0x9f5b6,
0x2d541,
0x1aa34,
0x1bdd0b,
0x89f6e,
0x6e0e5,
0xcfb8d,
0xbd2d1,
0xd33c5,
0x1c08f7,
0xa390a,
0x240d0,
0x36df0,
0x39c6e,
0xc4c68,
0xa8f49,
0x2c6a2,
0x89f5f,
0x908b5,
0x2d89e,
0xd6484,
0xd2bb7,
0x2e413,
0xd6577,
0x10a731,
0x1a7cc,
0x1d6fe9,
0x6e8a3,
0x1e21b4,
0x5fbc7,
0x8ff92,
0x3d1f8,
0xa9b1d,
0x3dd75,
0x3d20e,
0xbe7f6,
0x1c468a,
0x88474,
0xabde4,
0xcf842,
0x8a169,
0x1004b8,
0xc6068,
0xa9b29,
0xca371,
0xa9258,
0x883a2,
0x109a71,
0x29e24,
0xd5b30,
0xd64a5,
0x1d6f64,
0x10045c,
0x1be0f2,
0x1ab10,
0x1e220c,
0x87c83,
0xa935f,
0x9f83b,
0x2cf41,
0x1c124e,
0x1dbd55,
0xd3db2,
0x11654,
0x9f632,
0x88fd7,
0xb65a2,
0x1beccf,
0x1dfd15,
0x28a86,
0x2e6e7,
0x877ad,
0x399e6,
0x90317,
0x37d84,
0x90890,
0x3da94,
0xf1bd0,
0xdf074,
0x36f72,
0xfffdc,
0x9031e,
0x36d1a,
0x1bdd22,
0x26a7b,
0x10a260,
0x86067,
0xfb8ff,
0x2d983,
0x2af94,
0x1dfca6,
0x9964e,
0x9047f,
0xf478,
0x28a7c,
0x38d4f,
0xd6572,
0x1c1e77,
0xd0f30,
0x87066,
0x1c1f67,
0x5fb89,
0xc7d5c,
0xf3d4,
0xd639e,
0xa8f9a,
0x3827b,
0xe6118,
0x5df7d,
0x1aa29,
0x2d93a,
0x2afc1,
0x8852e,
0xca21b,
0x8a53a,
0x2b2a9,
0x29df4,
0xd10a3,
0x1e225c,
0x1d6f60,
0xd3db7,
0x6e8b6,
0x2d8a6,
0xc7ce8,
0xc809a,
0xa9b11,
0xd473e,
0x1e21f6,
0x8815c,
0x2209e,
0xc7bf1,
0xc3c99,
0x276cf,
0x886d1,
0xf7bb6,
0x253dd,
0x28b24,
0xc7a39,
0x991c2,
0x5ca10,
0x3d203,
0xd20d0,
0x10062d,
0xa8410,
0x2d5fe,
0x1c2c3d,
0x3d415,
0xd49a8,
0xf4f09,
0x29ac1,
0xaa859,
0xc7cbe,
0xd3dac,
0x3d55c,
0x9f78e,
0x5e3ce,
0xd636a,
0x1e21b8,
0x886e6,
0x1bddc8,
0x3a652,
0xced7f,
0x26a86,
0xd07f9,
0x1bdb47,
0xf3b9,
0xc40ab,
0xd33d0,
0x383df,
0x29eb4,
0x1a7cf,
0x256e7,
0xa795b,
0x1b7525,
0xd2d78,
0x9702f,
0x1bec02,
0x5fc80,
0x2d8ea,
0xd4330,
0x9f5b0,
0x1be174,
0x2af91,
0xd4acb,
0x5e0d5,
0x1dfc60,
0x37592,
0x2c07d,
0x89146,
0x390d5,
0xbf71e,
0x28c9d,
0x8ff5c,
0xd474d,
0x1c1e68,
0x21f01,
0xf6493,
0x1d6fc6,
0x1b8545,
0x2c808,
0xd715d,
0x236cc,
0xcf396,
0xa8b38,
0x27edc,
0x2bf68,
0x90298,
0x11386,
0x1c2b94,
0x295eb,
0x3d3f7,
0x2d3dd,
0x5e0cc,
0x8a195,
0x27584,
0x2af8a,
0x5df9c,
0xc8f4f,
0x1c2c1b,
0x28b70,
0x860f6,
0x3d497,
0xc7cd6,
0xab9e5,
0x1be18a,
0xe6535,
0x3d2ce,
0x256d7,
0x3d2ff,
0x109a5f,
0x278c8,
0x8701f,
0x2d368,
0x26872,
0x1c1e73,
0x3d20a,
0x3db9b,
0x28b7b,
0x3db60,
0x5cb12,
0x3de01,
0x1d6fd4,
0x3a00b,
0xd1143,
0x1c1e82,
0x1bd0c0,
0xaaa1b,
0x1dfcd7,
0xa7721,
0x21ea6,
0x28052,
0xbd2dc,
0x1e2162,
0xa9050,
0xde821,
0xa0069,
0x2aea6,
0x87c50,
0xd2ecb,
0x1e224d,
0x3a008,
0xa7933,
0x883b8,
0xb3c28,
0xa9a6f,
0xf52df,
0xf1b95,
0x1bd099,
0x1bd0da,
0xaab30,
0x26b14,
0xabeb7,
0x37634,
0x8a01f,
0x1d6f68,
0x1bec85,
0x2b25d,
0xa528d,
0x1bd0e8,
0x2af73,
0xc8de0,
0xd34e8,
0x8a145,
0x37e24,
0x6dfc6,
0x3dbc2,
0x1a91a,
0x23703,
0x2daa8,
0x2c6cd,
0xa82f0,
0xe54ef,
0xd4463,
0xa9b2d,
0x29d94,
0xe551d,
0xa58a4,
0x1e21a0,
0x5df86,
0x5fbcc,
0xa56fe,
0x10a1ce,
0x26cb0,
0x21e83,
0xfed8d,
0xc7bc5,
0x27655,
0x1bd08d,
0x1c071d,
0x1c0820,
0x9969c,
0x1c1d8f,
0x1d496e,
0xd5b93,
0x2da1c,
0x2d9c7,
0xa9b45,
0x2dbd1,
0x38aa7,
0x37238,
0x1a7d6,
0xc7e88,
0xb2985,
0x25c47,
0x2e54b,
0x6e8be,
0x281b0,
0xbd1ee,
0x1bd0e1,
0xd1279,
0x2814e,
0xd5a01,
0x1d6fdb,
0x1c1f54,
0x2e636,
0x885ba,
0x2ae9a,
0x23a3a,
0xa5705,
0x1dbd1a,
0x1130e,
0x3ddef,
0x31e7b,
0x1c0825,
0x2c7ce,
0x2c4cd,
0xb272f,
0x1e215c,
0x1c4b9d,
0xa92e5,
0x90a18,
0x96d3b,
0x38da7,
0x2afaf,
0x36f4e,
0xa9026,
0x88393,
0x88910,
0x1c0765,
0x22059,
0x38d0d,
0x27aad,
0x2c7a0,
0x2b700,
0xa847b,
0x2d233,
0x37e09,
0xfe17e,
0x8ff51,
0x1be1bd,
0x3dc48,
0x11848,
0xd7134,
0x88fc0,
0xd450a,
0xa9b41,
0x2bff7,
0x1dfc68,
0x6e6c1,
0xa84a6,
0x5fb8d,
0x908e4,
0xa5f53,
0x6e049,
0x2b132,
0x87c46,
0x1a7da,
0xa9847,
0x109a35,
0xaacb2,
0x2da23,
0x1bddc2,
0x1c08fc,
0x2eaf4,
0x1be0f8,
0x1e21f2,
0x29526,
0x27e7a,
0x87688,
0x2e6ea,
0xa562d,
0x86ce5,
0xa560d,
0x28ac3,
0x1c1eb0,
0xe50c4,
0x1bd093,
0xa84bc,
0xceb17,
0xd635c,
0x2bfe5,
0x908eb,
0x8a187,
0x3d64a,
0x2be49,
0x3d8c8,
0x28a58,
0xd6326,
0x1a7d2,
0x1c3e84,
0x21ecc,
0x39b6d,
0xd18b9,
0x1bdd28,
0xd38a2,
0x1be191,
0xe50bc,
0x9f621,
0x2bf53,
0x272c0,
0x2aeb3,
0xc8043,
0x38d1e,
0x1bdd2e,
0x1e2153,
0xa8f84,
0xd4e3c,
0x1bd0bc,
0x1bdda5,
0x29470,
0x2818c,
0x8836d,
0xd2ec4,
0x1e2212,
0x3d1f3,
0x38581,
0x1b962d,
0x29e84,
0xd4467,
0xc36e2,
0x29c64,
0x2ba20,
0x11335,
0x2a193,
0xabb2f,
0x38cf5,
0x2c029,
0xd2ed8,
0xf19e,
0x29e64,
0xd710a,
0xd6580,
0x2950c,
0x27bdd,
0x882fe,
0xa7f9b,
0x28ab7,
0x1c13b7,
0x2d85c,
0x1e2150,
0xcea1e,
0xa92c9,
0x2b3e8,
0x27e3d,
0xa9a50,
0x11420,
0x1d6fe2,
0x39a54,
0x8857a,
0xa561d,
0xd2c81,
